iter	Logloss
0	0.2262054618
1	0.1495064523
